"Order Id","Order Name","Client Name","Client Company","E-mail","Mobile#","Order Date","Client Charge","S.Rate","S.Tax","Tot. Amount","Rec.Amount","Payment Status",
"112","Test trgger","Rana divyesh","Divyesh& sons","divyesh@gmail.com","9724783505","2016-05-30 20:50:49","9500","12.5","0","9500","","Unpaid",
"113","Divyesh","Divyesh","Rana dc","divyesh@gmail.com","9724783505","2016-06-06 13:27:21","13000","12.5","1625","14625","14625","Paid",
"115","testing","divyesh","kkjkl","","7898776655","2016-06-16 03:06:37","1550","10","0","1450","200","Unpaid",
"116","test","sj","","","7898776655","2016-06-25 04:06:00","5750","10","NaN","NaN","","Paid",
"117","tet","dsd","","","7898776655","2016-06-16 04:06:56","4000","10","NaN","NaN","","Paid",
"118","jkhj","Divyesh","","","9724783505","2016-06-16 05:06:06","5750","10","575","6325","","Unpaid",
"119","divyesh_update","Divyesh","","","","2016-06-16 05:06:18","5750","10","475","5225","750","Unpaid",
"120","ds","dsd","","","7898776655","2016-06-16 05:06:27","8400","10","840","9240","","Unpaid",
"121","notax","notax","","","7898776655","2016-06-16 05:06:29","3250","10","","3250","","Unpaid",
"122","sh","Divyesh","","","7898776655","2016-06-16 05:06:43","4200","10","","4000","2500","Unpaid",
"123","testing vendor","divyesh","r&d cmp","div@gmail.com","9724783505","2016-06-28 10:06:12","5250","12","","5000","1000","Unpaid",
"124","client charge test","kiran","","","9724783505","2016-06-28 02:06:15","700","12","","700","0","Unpaid",
"125","test insertion","divyesh","div&work","divyesh@gmail.com","9724783505","2016-07-09 10:07:14","31400","12","","31400","5000","Unpaid",
"126","testted stax","ds","sd","","9988998899","2016-07-20 10:07:35","10775","12","1284","11984","2500","Unpaid",
"127","testing vendor price","Divyesh","","divyesh@gmail.com","7898776655","2016-07-19 02:07:16","37900","12","4500","42000","5000","Unpaid",
"128","tst","","","","","2016-07-28 02:07:01","15625","12","","15625","","Unpaid",
"130","tests the dTE","sss","","","9724783505","2016-07-28 00:07:00","15225","12.5","1903","17128","","Unpaid",
